Geschleicht;Land;Anrede;Name;Vorname;Strasse;Ort;PLZ;Email;Telefon;Geboren
Weiblich;German;Frau;Yvonne;Ackermann;Sondanella 95;Grono;6537;YvonneAckermann@armyspy.com;091 523 54 85;9/21/1978
Mänlich;German;Herr;Robert;Gloeckner;Gerbiweg 12;Buch bei Mühleberg;3205;RobertGloeckner@jourrapide.com;032 559 77 45;12/13/1994
Mänlich;German;Herr;Benjamin;Eisenberg;Im Wingert 150;Le Lieu;1345;BenjaminEisenberg@rhyta.com;021 211 36 65;07.08.1942
Mänlich;German;Herr;Dennis;Reiniger;Via Verbano 45;Unterschächen;6465;DennisReiniger@fleckens.hu;041 208 33 64;05.10.1972
Weiblich;German;Frau;Uta;Burger;Mänlichenberg 94;Praz;1788;UtaBurger@einrot.com;026 317 23 95;1/17/1932
Mänlich;German;Herr;Swen;Freitag;Brunnenstrasse 41;Rue;1673;SwenFreitag@fleckens.hu;026 435 97 99;8/20/1936
Mänlich;German;Herr;Peter;Probst;Clius 31;Ober Tuttwil;9546;PeterProbst@armyspy.com;071 759 63 33;9/25/1981
Weiblich;German;Frau;Doreen;Finkel;Sonnenbergstr 123;Brand;4938;DoreenFinkel@teleworm.us;062 363 57 90;10/23/1974
Weiblich;German;Frau;Sophia;Fleischer;Via Stazione 132;Sta. Maria Val Müstair;7536;SophiaFleischer@armyspy.com;081 696 61 61;12/20/1950
Mänlich;German;Herr;Tim;Freitag;Jakobstrasse 115;Oberwil;8309;TimFreitag@gustr.com;044 380 58 26;4/13/1960
Mänlich;German;Herr;Kristian;Boehm;Höhenweg 13;Hemmental;8231;KristianBoehm@gustr.com;044 704 49 40;12/16/1931
Weiblich;German;Frau;Christin;Mehler;Brunnacherstrasse 42;Zürich;8070;ChristinMehler@einrot.com;043 218 12 59;01.04.1947
Weiblich;German;Frau;Sara;Mänlichmann;Kopfhölzistrasse 33;Lauffohr;5200;SaraMänlichmann@cuvox.de;062 832 36 80;3/24/1961
Mänlich;German;Herr;Felix;Klein;Sondanella 6;Gstaad;3780;FelixKlein@dayrep.com;031 492 99 41;09.02.1969
Mänlich;German;Herr;Felix;Frei;Via Muraccio 8;Subingen;4553;FelixFrei@dayrep.com;032 575 97 73;5/31/1955
Mänlich;German;Herr;Klaus;Baumgartner;Via Gabbietta 54;Versegères;1947;KlausBaumgartner@armyspy.com;027 419 33 97;3/16/1988
Weiblich;German;Frau;Christine;Sankt;Grossmatt 96;Bidogno;6958;ChristineSankt@cuvox.de;091 855 92 65;9/14/1983
Weiblich;German;Frau;Lisa;Fuerst;Kopfhölzistrasse 127;Le Fuet;2712;LisaFuerst@cuvox.de;032 957 40 55;1/26/1995
Mänlich;German;Herr;Maximilian;Farber;Brunnacherstrasse 3;Zürich;8010;MaximilianFarber@gustr.com;043 701 40 55;4/19/1934
Weiblich;German;Frau;Katja;Fried;Caltgadira 91;Noranco;6915;KatjaFried@gustr.com;091 607 43 72;1/22/1964
Mänlich;German;Herr;René;Friedman;Via Muraccio 136;Tägerig;5522;ReneFriedman@dayrep.com;056 340 71 68;6/20/1993
Weiblich;German;Frau;Lisa;Wolf;Kirchstrasse 138;La Praz;1148;LisaWolf@jourrapide.com;021 859 17 52;12/31/1995
Mänlich;German;Herr;Marko;Abend;Bösch 104;Cumbel;7142;MarkoAbend@fleckens.hu;081 747 61 97;11/21/1989
Mänlich;German;Herr;Ralf;Faust;Lungolago 97;Tanne;8824;RalfFaust@gustr.com;055 207 27 54;6/24/1975
Weiblich;German;Frau;Andrea;Kappel;Obere Haltenstrasse 72;Lütschental;3816;AndreaKappel@fleckens.hu;033 945 68 95;9/15/1965
Weiblich;German;Frau;Daniela;Amsel;Glennerstrasse 59;Gimel;1188;DanielaAmsel@superrito.com;021 344 97 62;11/17/1974
Weiblich;German;Frau;Johanna;Schwartz;Werkstrasse 119;Cavardiras;7182;JohannaSchwartz@teleworm.us;081 658 19 86;04.09.1953
Weiblich;German;Frau;Sabine;Kortig;Via Altisio 29;Soulce;2864;SabineKortig@teleworm.us;032 615 43 53;11/15/1976
Weiblich;German;Frau;Sophie;Jager;Valéestrasse 89;Othmarsingen;5504;SophieJager@dayrep.com;056 492 61 33;1/24/1940
Weiblich;German;Frau;Melanie;Kaufmann;Via Schliffras 139;Gals;3238;MelanieKaufmann@einrot.com;032 219 81 25;02.11.1969
Mänlich;German;Herr;Dieter;Hertzog;Via Camischolas sura 119;Domat/Ems;7013;DieterHertzog@superrito.com;081 376 93 99;3/24/1962
Weiblich;German;Frau;Ute;Dresdner;Vallerstrasse 46;Perlen;6035;UteDresdner@teleworm.us;041 472 17 27;10.02.1933
Mänlich;German;Herr;Max;Beike;Pfaffacherweg 41;Scherzingen;8596;MaxBeike@dayrep.com;052 996 33 56;06.09.1988
Weiblich;German;Frau;Ulrike;Meister;Schuepisstrasse 59;Ifenthal;4633;UlrikeMeister@jourrapide.com;062 706 74 95;11.10.1984
Weiblich;German;Frau;Manuela;Berg;Fortunastrasse 14;Eriz;3619;ManuelaBerg@superrito.com;033 515 37 58;01.04.1942
Weiblich;German;Frau;Sabine;Eichmann;Erlenweg 63;Bern;3005;SabineEichmann@superrito.com;031 289 66 47;09.08.1988
Weiblich;German;Frau;Stephanie;Ziegler;Kappelergasse 92;Adligenswil;6043;StephanieZiegler@gustr.com;041 333 41 16;08.06.1964
Mänlich;German;Herr;Jens;Naumann;Schulstrasse 84;Wittwil;5053;JensNaumann@fleckens.hu;062 306 32 25;1/18/1946
Mänlich;German;Herr;Christian;Lemann;Neubertbogen 144;Rivaz;1071;ChristianLemann@rhyta.com;021 727 89 74;12/25/1948
Mänlich;German;Herr;Florian;Vogel;Quadra 52;Feldbach;8714;FlorianVogel@gustr.com;044 491 35 25;03.01.1995
Weiblich;German;Frau;Christina;Gaertner;Valéestrasse 115;Palézieux;1607;ChristinaGaertner@jourrapide.com;026 363 52 45;11.12.1931
Mänlich;German;Herr;Tobias;Krause;Bahnhofplatz 64;Altwis;6286;TobiasKrause@jourrapide.com;041 550 36 58;12/20/1981
Weiblich;German;Frau;Nicole;Schiffer;Kappelergasse 147;Abtwil;9030;NicoleSchiffer@jourrapide.com;071 995 66 60;6/20/1940
Weiblich;German;Frau;Ute;Glockner;Langwiesstrasse 76;Wetzwil;8704;UteGlockner@teleworm.us;044 270 24 66;1/26/1959
Weiblich;German;Frau;Diana;Reinhardt;Schuepisstrasse 103;Ifenthal;4633;DianaReinhardt@gustr.com;062 244 92 61;6/23/1996
Mänlich;German;Herr;Luca;Bach;Dreibündenstrasse 42;Dättnau;8406;LucaBach@teleworm.us;052 710 19 73;10.01.1934
Mänlich;German;Herr;Florian;Baum;Landstrasse 18;Saxon;1907;FlorianBaum@armyspy.com;027 557 89 61;04.07.1959
Mänlich;German;Herr;Christian;Kaufmann;Schulstrasse 121;Winkel;8185;ChristianKaufmann@cuvox.de;044 909 16 16;3/14/1958
Mänlich;German;Herr;Michael;Lowe;Quadra 111;Féchy;1173;MichaelLowe@fleckens.hu;021 402 84 95;8/28/1942
Mänlich;German;Herr;Stephan;Gottschalk;Via Stauffacher 137;Villarey;1774;StephanGottschalk@cuvox.de;026 280 22 34;12/28/1972
Weiblich;German;Frau;Anne;Strauss;Spinatsch 121;Moos;8575;AnneStrauss@cuvox.de;052 820 83 83;4/23/1964
Weiblich;German;Dr.;Johanna;Reinhard;Seefeldstrasse 37;Kemmental;8573;JohannaReinhard@einrot.com;052 242 93 59;12.09.1937
Weiblich;German;Frau;Christina;Schroder;Scheidweg 148;Gunzger Allmend;4617;ChristinaSchroder@einrot.com;062 836 82 83;3/21/1980
Mänlich;German;Herr;Marko;Faber;Bösch 131;Coussiberlé;1795;MarkoFaber@teleworm.us;026 580 81 29;11/21/1972
Weiblich;German;Frau;Laura;Beike;Rasenstrasse 135;Hinteregg;8132;LauraBeike@jourrapide.com;044 710 93 18;01.12.1968
Weiblich;German;Frau;Sabrina;Eberhart;Im Sandbüel 74;Freimettigen;3510;SabrinaEberhart@superrito.com;035 387 61 83;8/15/1939
Weiblich;German;Frau;Lena;Schäfer;Erlenweg 91;Berlens;1680;LenaSchafer@jourrapide.com;026 789 95 34;01.02.1988
Weiblich;German;Frau;Marina;Hahn;Via Schliffras 105;Geiss;6123;MarinaHahn@einrot.com;041 234 44 84;08.01.1955
Mänlich;German;Herr;Torsten;Faber;Pfaffacherweg 37;Schlosswil;3082;TorstenFaber@gustr.com;031 330 98 56;12/16/1940
Mänlich;German;Herr;David;Schwarz;Loorenstrasse 57;Cologna;7742;DavidSchwarz@einrot.com;081 225 70 67;04.01.1979
Mänlich;German;Herr;Tim;Ackerman;Via Verbano 131;Valcolla;6951;TimAckerman@jourrapide.com;091 695 42 65;8/19/1989
Weiblich;German;Frau;Silke;Frei;Studhaldenstrasse 62;Les Thioleyres;1607;SilkeFrei@einrot.com;026 527 55 56;11/20/1948
Mänlich;German;Herr;Frank;Eichmann;Untere Aegerten 126;Conches;1231;FrankEichmann@superrito.com;022 677 83 50;11/19/1955
Mänlich;German;Herr;René;Brandt;Lichtmattstrasse 120;Bussy-sur-Moudon;1514;ReneBrandt@dayrep.com;021 777 57 81;2/24/1932
Mänlich;German;Herr;Dennis;Theiss;Mänlichenberg 15;Prez-vers-Siviriez;1677;DennisTheiss@rhyta.com;026 440 86 52;06.11.1978
Mänlich;German;Herr;Dominik;Neudorf;Bahnhofplatz 68;Alterswilen;8573;DominikNeudorf@jourrapide.com;052 329 40 64;6/13/1986
Mänlich;German;Herr;Bernd;Hueber;Via Altisio 24;Soragno;6964;BerndHueber@einrot.com;091 769 58 78;4/27/1956
Mänlich;German;Herr;Benjamin;Weiss;Vallerstrasse 118;Pfyn;8505;BenjaminWeiss@dayrep.com;052 222 66 97;2/14/1962
Mänlich;German;Dr.;Wolfgang;Nussbaum;Casut 46;Lindau;8315;WolfgangNussbaum@superrito.com;044 516 66 13;02.06.1944
Mänlich;German;Herr;Swen;Reinhard;Pfaffacherweg 5;Schlieren;8952;SwenReinhard@armyspy.com;044 950 91 55;02.11.1974
Weiblich;German;Frau;Simone;Frey;Schulstrasse 38;Winterthur;8406;SimoneFrey@armyspy.com;052 734 22 53;1/28/1935
Weiblich;German;Frau;Jennifer;Unger;Postfach 94;Almens;7416;JenniferUnger@cuvox.de;081 244 15 77;3/19/1931
Mänlich;German;Herr;Leon;Amsel;Zürichstrasse 34;Auboranges;1673;LeonAmsel@superrito.com;026 446 67 71;07.03.1940
Mänlich;German;Herr;René;Ostermann;Loorenstrasse 20;Chézard-St. Martin;2054;ReneOstermann@teleworm.us;032 757 53 55;5/26/1965
Weiblich;German;Frau;Simone;Vogler;Clius 36;Obergoldbach;3434;SimoneVogler@gustr.com;034 771 91 10;02.08.1957
Mänlich;German;Herr;Michael;Hirsch;Höhenweg 131;Henggart;8444;MichaelHirsch@armyspy.com;052 625 23 76;1/21/1935
Mänlich;German;Herr;Leon;Himmel;Casa Posrclas 19;Eggerstanden;9050;LeonHimmel@rhyta.com;071 466 57 76;12.05.1964
Weiblich;German;Frau;Juliane;Klug;Via Muraccio 49;Stuckishaus;3037;JulianeKlug@fleckens.hu;031 276 28 82;11/13/1953
Weiblich;German;Frau;Lena;Eisenberg;Werkstrasse 92;Cernier;2053;LenaEisenberg@armyspy.com;032 785 65 93;6/21/1941
Mänlich;German;Herr;Martin;Hertzog;Mülhauserstrasse 16;Murten;3280;MartinHertzog@jourrapide.com;032 905 94 36;01.09.1980
Mänlich;German;Herr;Wolfgang;Bosch;Binzmühlestrasse 30;Sant'Antonio;7745;WolfgangBosch@superrito.com;081 535 75 46;4/26/1983
Mänlich;German;Herr;Tom;Bohm;Via Verbano 143;Unterschlatt;8252;TomBohm@jourrapide.com;044 237 69 20;9/25/1950
Mänlich;German;Herr;Peter;Herz;Piazza Rezzonico 105;Villars-sur-Fontenais;2903;PeterHerz@teleworm.us;032 619 67 71;12/16/1953
Weiblich;German;Frau;Daniela;Schultz;Via Franscini 88;Troistorrents;1872;DanielaSchultz@teleworm.us;024 671 46 26;12/29/1965
Mänlich;German;Herr;Steffen;Klein;Forrenböhlstrasse 91;Jucher;3036;SteffenKlein@jourrapide.com;031 448 97 45;4/28/1990
Weiblich;German;Frau;Nadine;Schweizer;Kappelergasse 44;Aerdhuuse;9315;NadineSchweizer@dayrep.com;071 950 62 14;11.09.1945
Weiblich;German;Frau;Martina;Schroder;Forrenböhlstrasse 49;Kaltacker;3413;MartinaSchroder@teleworm.us;034 783 97 17;11/29/1994
Weiblich;German;Frau;Maria;Schultheiss;Via Stazione 16;St-Barthélemy;1040;MariaSchultheiss@gustr.com;021 451 29 54;06.07.1943
Mänlich;German;Herr;Klaus;Herman;Via Altisio 109;Sonvilier;2615;KlausHerman@dayrep.com;032 417 23 46;5/27/1986
Mänlich;German;Herr;Bernd;Weiß;Möhe 2;Jegenstorf;3303;BerndWeiss@fleckens.hu;032 274 65 13;4/28/1987
Mänlich;German;Herr;Dieter;Dietrich;Forrenböhlstrasse 5;Jeuss;1793;DieterDietrich@gustr.com;026 299 63 20;10/14/1984
Mänlich;German;Herr;Ralph;Kuefer;Via Albarelle 71;Sternenberg;8499;RalphKuefer@superrito.com;052 905 29 52;08.09.1957
Mänlich;German;Herr;Peter;Pfeiffer;Studhaldenstrasse 113;Les Evouettes;1897;PeterPfeiffer@einrot.com;024 305 63 25;12/18/1963
Mänlich;German;Herr;Dieter;Vogt;Untere Bahnhofstrasse 40;Casima;6875;DieterVogt@jourrapide.com;091 345 73 44;3/27/1975
Weiblich;German;Frau;Yvonne;Maur;Hauptstrasse 134;Montbrelloz;1475;YvonneMaur@gustr.com;024 366 84 44;7/13/1954
Weiblich;German;Frau;Sara;Theiss;Kirchstrasse 122;La Punt-Chamues-ch;7522;SaraTheiss@armyspy.com;081 404 57 15;4/26/1947
Weiblich;German;Frau;Julia;Ritter;Binzmühlestrasse 150;Salenstein;8268;JuliaRitter@dayrep.com;044 987 72 20;12.06.1954
Weiblich;German;Frau;Anja;Krüger;Tösstalstrasse 82;Wallikon;8330;AnjaKruger@gustr.com;044 331 14 92;06.11.1965
Mänlich;German;Herr;Klaus;Austerlitz;Brunnenstrasse 125;Rueras;7189;KlausAusterlitz@superrito.com;081 291 88 73;07.02.1970
Weiblich;German;Frau;Anja;Neumann;Mülhauserstrasse 25;Muralto;6602;AnjaNeumann@gustr.com;091 440 89 44;8/29/1930
Mänlich;German;Herr;Leon;Shuster;Kronwiesenweg 46;Kurzrickenbach;8280;LeonShuster@cuvox.de;044 351 52 70;05.03.1957
Weiblich;German;Frau;Claudia;Jager;Hauptstrasse 131;Moncor;1752;ClaudiaJager@armyspy.com;026 411 91 64;9/25/1978
Weiblich;German;Frau;Manuela;Ebersbach;Breitenstrasse 74;Basel;4011;ManuelaEbersbach@armyspy.com;061 550 95 84;08.08.1982
Weiblich;German;Frau;Lea;Ehrlichmann;Püntstrasse 99;Worben;3252;LeaEhrlichmann@fleckens.hu;032 462 22 21;7/13/1944
Mänlich;German;Dr.;Maik;Gerber;Tösstalstrasse 102;Wangen;8855;MaikGerber@gustr.com;055 641 55 76;07.07.1990
Mänlich;German;Herr;Mike;Eisenberg;Breitenstrasse 81;Basel;4086;MikeEisenberg@rhyta.com;061 817 72 56;1/16/1956
Mänlich;German;Herr;Lucas;Gloeckner;Wingertweg 128;Emmenmatt;3543;LucasGloeckner@dayrep.com;035 382 22 41;12.03.1977
Mänlich;German;Herr;Mario;Kluge;Wolfensbergstrasse 89;Riniken;5223;MarioKluge@rhyta.com;062 344 83 70;7/24/1966
Mänlich;German;Herr;Maximilian;Ritter;Betburweg 106;Lömmenschwil;9308;MaximilianRitter@jourrapide.com;071 272 76 30;12/16/1993
Weiblich;German;Frau;Anna;Krüger;Bahnhofstrasse 133;Glion;1823;AnnaKruger@teleworm.us;024 860 81 35;08.05.1954
Mänlich;German;Herr;Lucas;Faust;Wolfensbergstrasse 1;Rieden;8739;LucasFaust@cuvox.de;044 289 49 32;02.08.1980
Mänlich;German;Herr;Tim;Faber;Spinatsch 6;Mossel;1675;TimFaber@superrito.com;026 741 64 45;07.05.1936
Mänlich;German;Herr;Mike;Gersten;Schulstrasse 104;Wolfenschiessen;6386;MikeGersten@rhyta.com;041 717 90 93;12/19/1953
Weiblich;German;Frau;Maria;Gottlieb;Jakobstrasse 20;Oetwil an der Limmat;8955;MariaGottlieb@dayrep.com;044 419 57 89;1/28/1960
Mänlich;German;Herr;Kevin;Eichel;Üerklisweg 88;Brot-Plamboz;2318;KevinEichel@armyspy.com;032 955 53 62;10.08.1944
Weiblich;German;Frau;Kristin;Austerlitz;Forrenböhlstrasse 96;Kartause-Ittingen;8532;KristinAusterlitz@gustr.com;052 689 40 17;05.03.1946
Mänlich;German;Herr;Martin;Bumgarner;Rosenweg 58;Längenbühl;3636;MartinBumgarner@gustr.com;033 248 37 29;11/27/1995
Weiblich;German;Frau;Nadine;Dietrich;Bösch 79;Cuarnens;1148;NadineDietrich@cuvox.de;021 995 87 33;03.08.1973
Weiblich;German;Frau;Julia;Reinhardt;Höhenweg 111;Heisch;8915;JuliaReinhardt@armyspy.com;044 443 83 39;02.01.1947
Weiblich;German;Frau;Lea;Mauer;Tösstalstrasse 32;Waltenschwil;5622;LeaMauer@gustr.com;062 273 81 24;2/21/1952
Weiblich;German;Frau;Doreen;Freitag;Piazza Indipendenza 40;Thusis;7431;DoreenFreitag@einrot.com;081 672 10 25;3/18/1957
Mänlich;German;Herr;Luca;Weiss;Höhenweg 96;Herbetswil;4715;LucaWeiss@superrito.com;078 296 42 89;2/29/1980
Weiblich;German;Frau;Kathrin;Eiffel;Mattenstrasse 8;Silvaplana;7513;KathrinEiffel@dayrep.com;081 974 55 51;2/14/1982
Mänlich;German;Herr;Jan;Schroeder;Bösch 108;Cottens;1741;JanSchroeder@teleworm.us;026 456 79 69;5/28/1989
Weiblich;German;Frau;Laura;Bergmann;Mattenstrasse 150;Sigigen;6019;LauraBergmann@gustr.com;041 583 94 14;5/26/1972
Mänlich;German;Herr;Tom;Grunwald;Spinatsch 118;Mühlebach;8580;TomGrunwald@jourrapide.com;052 860 58 42;06.09.1933
Mänlich;German;Herr;Phillipp;Unger;Via Albarelle 62;Steinen;6422;PhillippUnger@teleworm.us;041 751 14 25;7/25/1969
Weiblich;German;Frau;Jennifer;Bar;Via Verbano 79;Uzwil;9240;JenniferBar@armyspy.com;071 280 97 34;6/15/1995
Weiblich;German;Frau;Sophie;Nadel;Bösch 65;Corticiasca;6958;SophieNadel@teleworm.us;091 240 97 62;05.08.1933
Mänlich;German;Herr;Lukas;Cole;Obere Haltenstrasse 52;Lussery-Villars;1307;LukasCole@fleckens.hu;021 506 57 63;5/14/1996
Weiblich;German;Frau;Brigitte;Busch;Plattenstrasse 120;Ramersberg;6060;BrigitteBusch@teleworm.us;041 772 89 78;3/17/1930
Weiblich;German;Frau;Silke;Scholz;Rasenstrasse 7;Hinterthal;6436;SilkeScholz@armyspy.com;041 232 49 70;12/17/1980
Weiblich;German;Frau;Sandra;Freeh;Scheidweg 66;Gümligen;3073;SandraFreeh@gustr.com;031 806 47 73;03.10.1953
Mänlich;German;Herr;Dirk;Zimmerman;Neubertbogen 69;Rongellen;7430;DirkZimmerman@cuvox.de;081 385 49 64;3/22/1935
Weiblich;German;Frau;Anja;Grunwald;Damunt 91;Oberried;3145;AnjaGrunwald@rhyta.com;031 693 20 93;7/26/1982
Mänlich;German;Herr;Mike;Schulz;Scheidweg 68;Gwatt;3465;MikeSchulz@armyspy.com;034 555 20 84;10/13/1952
Weiblich;German;Frau;Tanja;Kluge;Sondanella 91;Grissenberg;3266;TanjaKluge@teleworm.us;032 540 83 98;09.06.1992
Mänlich;German;Herr;Jürgen;Richter;Via Schliffras 109;Fürstenaubruck;7413;JurgenRichter@cuvox.de;081 502 46 69;11/19/1930
Mänlich;German;Herr;Matthias;Holtzmann;Gartenhof 133;Arosio;6939;MatthiasHoltzmann@jourrapide.com;091 658 85 37;8/23/1970
Mänlich;German;Herr;Klaus;Vogel;Mänlichenberg 69;Raat;8175;KlausVogel@jourrapide.com;044 509 96 62;3/21/1935
Mänlich;German;Herr;Kevin;Vogel;Gartenhof 132;Asp;5025;KevinVogel@armyspy.com;062 927 60 81;10.12.1964
Mänlich;German;Herr;Benjamin;Kirsch;Via Franscini 96;Ueberstorf;3182;BenjaminKirsch@fleckens.hu;031 875 64 53;3/19/1980
Mänlich;German;Herr;Erik;Schäfer;Schuetzenweg 125;Meikirch;3045;ErikSchafer@dayrep.com;031 231 35 59;11/15/1937
Mänlich;German;Herr;Mathias;Pabst;Damunt 48;Oberrohrdorf;5452;MathiasPabst@teleworm.us;056 981 76 62;11/26/1983
Weiblich;German;Frau;Lena;Brauer;Mühle 94;Schweikhof;3462;LenaBrauer@jourrapide.com;034 719 29 28;10/18/1962
Mänlich;German;Herr;Mathias;Hueber;Scheidweg 11;Hagenbuch;8523;MathiasHueber@einrot.com;052 555 92 90;4/28/1996
Weiblich;German;Frau;Annett;Maur;Via Schliffras 115;Gebertingen;8725;AnnettMaur@teleworm.us;044 272 75 60;7/18/1966
Mänlich;German;Herr;Dieter;Gottschalk;Üerklisweg 77;Buch;9556;DieterGottschalk@cuvox.de;071 363 13 26;11/27/1955
Mänlich;German;Herr;Dominik;Bosch;Via Muraccio 97;Sulzbach;8614;DominikBosch@teleworm.us;052 440 26 70;09.04.1989
Mänlich;German;Herr;Eric;Hirsch;Erlenweg 112;Bernhardzell;9304;EricHirsch@cuvox.de;071 997 92 66;05.06.1966
Mänlich;German;Herr;Tim;Koch;Tösstalstrasse 20;Watt;8105;TimKoch@fleckens.hu;044 873 87 42;09.01.1963
Weiblich;German;Frau;Ursula;Weissmuller;Via delle Vigne 142;Vullierens;1115;UrsulaWeissmuller@gustr.com;021 793 86 56;9/17/1942
Mänlich;German;Herr;Kevin;Kuster;Stradun 138;Grandsivaz;1775;KevinKuster@einrot.com;026 218 28 67;04.07.1933
Mänlich;German;Herr;Christian;Schultz;Erlenweg 48;Bern;3015;ChristianSchultz@cuvox.de;031 538 57 76;09.03.1972
Mänlich;German;Herr;Luca;Schulz;Kappelergasse 120;Aeschlen;3656;LucaSchulz@jourrapide.com;033 906 23 75;07.07.1934
Mänlich;German;Herr;Erik;Metzger;In Stierwisen 138;Miéville;1904;ErikMetzger@jourrapide.com;027 660 33 62;9/27/1940
Weiblich;German;Frau;Angelika;Schwarz;Via Gabbietta 61;Valens;7317;AngelikaSchwarz@dayrep.com;081 361 63 50;12.02.1936
Weiblich;German;Frau;Kristin;Baumgaertner;Wiesenstrasse 21;Baltschieder;3937;KristinBaumgaertner@jourrapide.com;027 636 80 84;5/20/1932
Weiblich;German;Frau;Marina;Frankfurter;Fortunastrasse 143;Essert-sous-Champvent;1443;MarinaFrankfurter@jourrapide.com;024 939 21 36;1/31/1930
Mänlich;German;Herr;Mike;Baecker;Studhaldenstrasse 32;Les Cullayes;1080;MikeBaecker@jourrapide.com;021 407 70 21;8/26/1939
Mänlich;German;Herr;Jürgen;Amsel;Rägetenstrasse 107;Horben;8308;JurgenAmsel@superrito.com;044 311 67 39;3/14/1951
Weiblich;German;Frau;Juliane;Faerber;Neubertbogen 97;Romairon;1423;JulianeFaerber@superrito.com;024 612 42 54;12.04.1980
Mänlich;German;Herr;Ralph;Klein;Via Stazione 53;Staad;9422;RalphKlein@jourrapide.com;071 512 16 21;11.06.1967
Weiblich;German;Frau;Birgit;Ritter;Mänlichenberg 135;Pregny;1292;BirgitRitter@cuvox.de;022 217 55 72;12/30/1959
Weiblich;German;Frau;Christine;Frueh;Betburweg 22;Losone;6616;ChristineFrueh@armyspy.com;091 536 54 72;1/23/1964
Weiblich;German;Frau;Monika;Eisenhauer;Mänlichenberg 118;Privilasco;7741;MonikaEisenhauer@jourrapide.com;081 873 56 30;5/16/1939
Weiblich;German;Frau;Simone;Ostermann;Untere Bahnhofstrasse 60;Campascio;7748;SimoneOstermann@einrot.com;081 285 40 62;04.09.1937
Mänlich;German;Dr.;Felix;Peters;Brunnenstrasse 18;Rüegsau;3417;FelixPeters@dayrep.com;034 315 23 51;10/20/1960
Mänlich;German;Herr;Jens;Kaiser;Casa Posrclas 122;Eichholz;3254;JensKaiser@armyspy.com;032 260 86 50;12.01.1967
Weiblich;German;Frau;Anna;Rothstein;Bösch 88;Crassier;1263;AnnaRothstein@superrito.com;022 631 77 82;10/26/1931
Weiblich;German;Frau;Manuela;Hoffmann;Via Pestariso 6;St. Chrischona;4126;ManuelaHoffmann@einrot.com;061 943 35 49;12/22/1941
Mänlich;German;Herr;Ulrich;Finkel;Glennerstrasse 111;Gingins;1276;UlrichFinkel@gustr.com;022 277 32 29;03.04.1952
Mänlich;German;Herr;Eric;Gottlieb;Postfach 82;Albinen;3955;EricGottlieb@armyspy.com;027 493 56 10;09.01.1993
Mänlich;German;Herr;Eric;Fruehauf;Üerklisweg 37;Brigerbad;3900;EricFruehauf@jourrapide.com;027 924 54 39;1/23/1955
Weiblich;German;Frau;Anne;Hertzog;Postfach 88;Agarone;6597;AnneHertzog@armyspy.com;091 381 40 64;8/15/1941
Mänlich;German;Herr;Daniel;Kaiser;Hasenbühlstrasse 89;Boningen;4618;DanielKaiser@armyspy.com;062 714 15 15;9/24/1964
Mänlich;German;Herr;Phillipp;Gerste;Mattenstrasse 109;Sisseln;4334;PhillippGerste@fleckens.hu;049 742 14 96;4/30/1995
Weiblich;German;Frau;Jennifer;Kuefer;Via Camischolas sura 29;Dittingen;4243;JenniferKuefer@superrito.com;061 929 66 75;4/22/1994
Weiblich;German;Frau;Mandy;Hoffmann;Wolfensbergstrasse 35;Ried bei  Kerzers;3216;MandyHoffmann@dayrep.com;032 700 20 26;06.09.1953
Mänlich;German;Dr.;Kristian;Sommer;Brucknerweg 113;Hauptikon;8926;KristianSommer@fleckens.hu;044 701 95 14;1/21/1941
Mänlich;German;Dr.;Mike;Werner;Jakobstrasse 44;Oftershausen;8573;MikeWerner@gustr.com;052 574 51 62;03.06.1976
Mänlich;German;Herr;Ulrich;Bader;Schulstrasse 92;Wohlenschwil;5512;UlrichBader@superrito.com;056 436 29 11;1/26/1954
Weiblich;German;Frau;Anna;Thalberg;Werkstrasse 40;Champoussin;1873;AnnaThalberg@fleckens.hu;024 766 25 78;5/17/1969
Weiblich;German;Frau;Julia;Beckenbauer;Plattenstrasse 21;Rebeuvelier;2832;JuliaBeckenbauer@superrito.com;032 739 56 58;02.05.1940
Weiblich;German;Frau;Marina;Kuefer;Bahnhofplatz 41;Altreu;2545;MarinaKuefer@einrot.com;032 767 99 23;07.10.1943
Mänlich;German;Herr;Paul;Schultz;Lungolago 145;Tartegnin;1180;PaulSchultz@rhyta.com;021 256 72 67;7/25/1933
Weiblich;German;Frau;Johanna;Bach;Via Franscini 72;Trimstein;3083;JohannaBach@gustr.com;031 969 51 38;01.03.1977
Weiblich;German;Frau;Ute;Jaeger;Bösch 64;Cousset;1774;UteJaeger@jourrapide.com;026 306 52 35;04.02.1961
Weiblich;German;Frau;Marie;Zimmermann;Via Camischolas sura 101;Dippishausen;8573;MarieZimmermann@dayrep.com;052 342 83 92;5/25/1984
Mänlich;German;Herr;Luca;Nussbaum;Langwiesstrasse 122;Wiesholz;8262;LucaNussbaum@cuvox.de;044 279 56 72;10.10.1933
Mänlich;German;Herr;Steffen;Fried;Rägetenstrasse 21;Holziken;5043;SteffenFried@jourrapide.com;062 939 18 79;02.02.1968
Weiblich;German;Frau;Anne;Hartmann;Bahnhofplatz 8;Aminona;3963;AnneHartmann@superrito.com;027 634 32 66;3/30/1936
Mänlich;German;Herr;Max;Kohler;Auerstrasse 66;Mâche;1987;MaxKohler@fleckens.hu;027 265 11 49;12/23/1994
Mänlich;German;Herr;Jens;Saenger;Brucknerweg 82;Haldenstein;7023;JensSaenger@superrito.com;081 880 17 51;10/25/1995
Weiblich;German;Frau;Katrin;Schreiner;Plattenstrasse 86;Reckingen;3998;KatrinSchreiner@teleworm.us;027 793 28 45;7/19/1991
Weiblich;German;Frau;Nicole;Koertig;Gerbiweg 4;Buchillon;1164;NicoleKoertig@dayrep.com;021 993 37 64;4/23/1988
Weiblich;German;Frau;Uta;Gaertner;Zürichstrasse 77;Avegno;6670;UtaGaertner@einrot.com;091 898 19 36;10/20/1983
Weiblich;German;Frau;Sabine;Winkel;Stradun 1;Grandval;2745;SabineWinkel@fleckens.hu;032 679 97 20;2/26/1960
Weiblich;German;Frau;Anna;Aachen;Semperweg 75;Birr;5242;AnnaAachen@fleckens.hu;062 888 75 41;10/30/1935
Mänlich;German;Herr;Leon;Gottschalk;Sonnenweg 134;Matten bei Interlaken;3800;LeonGottschalk@cuvox.de;033 628 13 66;07.02.1991
Weiblich;German;Frau;Julia;Ebersbach;Stradun 129;Grandvaux;1091;JuliaEbersbach@gustr.com;021 384 93 49;3/17/1993
Weiblich;German;Frau;Janina;Weiß;Obere Haltenstrasse 36;Lugnorre;1789;JaninaWeiss@jourrapide.com;026 277 26 60;07.05.1952
Mänlich;German;Herr;Frank;Gaertner;Pfaffacherweg 87;Scheuren;8127;FrankGaertner@rhyta.com;044 866 18 59;07.12.1983
Weiblich;German;Frau;Jessika;Ritter;Kopfhölzistrasse 46;Laura;6549;JessikaRitter@armyspy.com;091 806 22 43;11.04.1931
Weiblich;German;Frau;Simone;Durr;Boldistrasse 29;Niederhasli;8155;SimoneDurr@armyspy.com;044 637 21 40;01.08.1943
Mänlich;German;Herr;Tobias;Koehler;Via Albarelle 40;Stettfurt;9507;TobiasKoehler@jourrapide.com;071 645 99 75;4/27/1965
Weiblich;German;Frau;Christina;Amsel;Höhenweg 4;Helsighausen;8558;ChristinaAmsel@einrot.com;052 306 67 10;7/15/1984
Weiblich;German;Frau;Franziska;Drechsler;Stradun 25;Gottschalkenberg;6313;FranziskaDrechsler@gustr.com;041 636 46 71;1/14/1948
Mänlich;German;Herr;Dirk;Kirsch;Forrenböhlstrasse 45;Kammersrohr;4535;DirkKirsch@teleworm.us;032 342 51 50;6/21/1954
Weiblich;German;Frau;Yvonne;Ziegler;Kammelenbergstrasse 118;Flims Waldhaus;7018;YvonneZiegler@dayrep.com;081 544 56 59;10.11.1943
Weiblich;German;Frau;Jessica;Brauer;Püntstrasse 120;Yverdon-les-Bains;1401;JessicaBrauer@fleckens.hu;024 395 85 32;12/22/1938
Weiblich;German;Frau;Sabine;Schultz;Bahnhofplatz 63;Alvaschein;7451;SabineSchultz@dayrep.com;081 547 91 12;08.01.1976
Mänlich;German;Herr;Mathias;Weiss;In Stierwisen 51;Mettmenhasli;8155;MathiasWeiss@gustr.com;044 590 78 63;2/19/1935
Mänlich;German;Herr;Stefan;Kuster;Mühle 99;Schoried;6055;StefanKuster@cuvox.de;041 237 40 90;3/18/1977
Mänlich;German;Herr;Maik;Dietrich;Kappelergasse 36;Aeschi bei Spiez;3703;MaikDietrich@rhyta.com;031 271 70 47;6/23/1940
Mänlich;German;Herr;David;Oster;Wiesenstrasse 129;Balsthal;4710;DavidOster@fleckens.hu;078 617 35 40;5/18/1995
Mänlich;German;Herr;Thomas;Schwartz;Wingertweg 42;Enggistein;3077;ThomasSchwartz@jourrapide.com;031 877 43 10;07.07.1937
Mänlich;German;Herr;Frank;Biermann;Erlenweg 9;Bern;3040;FrankBiermann@dayrep.com;031 723 76 61;03.02.1974
Weiblich;German;Frau;Andrea;Schwab;Clius 124;Oberdürnten;8635;AndreaSchwab@dayrep.com;052 402 31 26;3/31/1960
Mänlich;German;Herr;Ralf;Nacht;Dreibündenstrasse 64;Degersheim;9113;RalfNacht@jourrapide.com;071 265 89 68;6/30/1968
Weiblich;German;Frau;Julia;Maur;Kirchstrasse 109;La Place;1966;JuliaMaur@superrito.com;027 569 65 99;11.02.1963
Weiblich;German;Frau;Petra;Meyer;Kirchstrasse 109;La Rippe;1278;PetraMeyer@teleworm.us;022 736 90 16;08.02.1966
Weiblich;German;Frau;Angelika;Drescher;Mühle 63;Schürhof;4912;AngelikaDrescher@dayrep.com;062 925 73 25;9/21/1945
Mänlich;German;Herr;Klaus;Aachen;Sondanella 138;Grolley;1772;KlausAachen@teleworm.us;026 336 17 39;07.07.1979
Weiblich;German;Frau;Jana;Gottschalk;Via Luzzas 42;Fionnay;1948;JanaGottschalk@jourrapide.com;027 360 21 50;4/24/1975
Weiblich;German;Frau;Antje;Krause;Brucknerweg 10;Halden;9223;AntjeKrause@fleckens.hu;071 241 53 88;07.12.1975
Mänlich;German;Herr;Uwe;Maur;Via delle Vigne 118;Waldstatt;9104;UweMaur@armyspy.com;071 675 20 61;11/13/1970
Mänlich;German;Herr;Luca;Eichelberger;Caltgadira 31;Nohl;8212;LucaEichelberger@gustr.com;044 237 91 50;8/29/1995
Weiblich;German;Frau;Janina;Mahler;Via Camischolas sura 24;Diepflingen;4442;JaninaMahler@fleckens.hu;061 613 50 96;09.06.1933
Weiblich;German;Frau;Anke;Moench;Mittlerer Thalackerweg 63;Rümlingen;4444;AnkeMoench@rhyta.com;061 332 67 99;10/23/1955
Weiblich;German;Frau;Nadine;Trommler;Üerklisweg 67;Brusio;7743;NadineTrommler@cuvox.de;081 233 47 69;10/28/1934
Weiblich;German;Frau;Manuela;Dreher;Kammelenbergstrasse 66;Flüh;4112;ManuelaDreher@rhyta.com;061 935 63 36;9/16/1932
Mänlich;German;Herr;Eric;Egger;Via Albarelle 113;Strada;7558;EricEgger@rhyta.com;081 763 54 15;09.05.1953
Weiblich;German;Frau;Jessika;Gruenewald;Breitenstrasse 55;Basel;4053;JessikaGruenewald@armyspy.com;061 849 44 82;09.03.1976
Weiblich;German;Frau;Laura;Wannemaker;Üerklisweg 78;Brignon;1996;LauraWannemaker@superrito.com;027 811 16 84;06.11.1947
Mänlich;German;Herr;Stefan;Gottlieb;Sonnenweg 93;Marthalen;8460;StefanGottlieb@fleckens.hu;052 627 59 47;08.01.1963
Mänlich;German;Herr;Dieter;Theissen;Schuetzenweg 121;Medels im Rheinwald;7436;DieterTheissen@rhyta.com;081 808 97 82;03.05.1941
Weiblich;German;Frau;Anja;Cole;Fortunastrasse 144;Essertes;1078;AnjaCole@gustr.com;021 213 31 85;8/18/1958
Weiblich;German;Frau;Anna;Ebersbacher;Kirchstrasse 22;La Punt-Chamues-ch;7522;AnnaEbersbacher@dayrep.com;081 622 71 48;4/24/1941
Mänlich;German;Herr;Luca;Aachen;Breitenstrasse 49;Basel;4018;LucaAachen@cuvox.de;061 738 95 96;4/19/1975
Weiblich;German;Frau;Ulrike;Vogel;Brunnacherstrasse 1;Zuzwil;3303;UlrikeVogel@jourrapide.com;032 931 84 51;12/22/1972
Mänlich;German;Dr.;Paul;Braun;Mülhauserstrasse 15;Mühletal;8758;PaulBraun@teleworm.us;044 751 44 42;6/16/1977
Weiblich;German;Frau;Sara;Biermann;Möhe 7;Illnau-Effretikon;8307;SaraBiermann@einrot.com;044 350 78 59;09.05.1941
Weiblich;German;Frau;Kristin;Ackerman;Via Gabbietta 30;Valens;7317;KristinAckerman@fleckens.hu;081 243 54 45;02.01.1951
Weiblich;German;Frau;Johanna;Roth;Via Franscini 130;Uetigen;3415;JohannaRoth@gustr.com;034 869 73 10;03.05.1967
Weiblich;German;Frau;Sara;Ehrlichmann;Loorenstrasse 7;Coeuve;2932;SaraEhrlichmann@dayrep.com;032 578 19 72;1/31/1988
Mänlich;German;Herr;David;Meyer;Clius 41;Oberägeri;6315;DavidMeyer@teleworm.us;041 628 64 88;4/14/1957
Mänlich;German;Herr;Patrick;Eichmann;Kammelenbergstrasse 105;Forch;8127;PatrickEichmann@rhyta.com;044 696 49 85;02.07.1982
Weiblich;German;Frau;Marina;Schuhmacher;Obere Bahnhofstrasse 142;Basel;4085;MarinaSchuhmacher@cuvox.de;061 481 42 31;10/19/1980
Mänlich;German;Herr;Steffen;Fleischer;Boldistrasse 21;Neyruz;1740;SteffenFleischer@teleworm.us;026 583 61 92;4/17/1960
